species,effluent_24h_avg,PNEC,RQ
CBZ,5.730869557448246e-11,0.0005,1.1461739114896491e-07
DCF,7.419077285741254e-12,0.0001,7.419077285741253e-08
Phenol,1.3092505930438023e-09,0.1,1.3092505930438023e-08
